--CLIENTS

INSERT INTO Clients (Client_ID, First_Name, Last_Name, Client_Category, Relationship, Contact, Emergency_Contact, Email, Address) VALUES (6056, 'Bethan', 'Walker', 'Member', Null, '+447700900123', '+447400345678', 'butlerbeverley@example.net', '7 Emma row, East Lynn, PL3N 9TJ');
INSERT INTO Clients (Client_ID, First_Name, Last_Name, Client_Category, Relationship, Contact, Emergency_Contact, Email, Address) VALUES (9309, 'Abdul', 'Clark', 'Guest', 'Spouse', '+447591002345', '+447301234567', 'irene01@example.org', 'Flat 85h, Elaine corners, Hayleybury, M44 5DX');
INSERT INTO Clients (Client_ID, First_Name, Last_Name, Client_Category, Relationship, Contact, Emergency_Contact, Email, Address) VALUES (9004, 'Valerie', 'Brown', 'Guest', Null, '+447755678901', '+441414960187', 'mmartin@example.com', '461 Sheila manors, Lake Peterberg, CR5 8SD');
INSERT INTO Clients (Client_ID, First_Name, Last_Name, Client_Category, Relationship, Contact, Emergency_Contact, Email, Address) VALUES (5422, 'Katie', 'Cooper', 'Member', Null, '+447123456789', '+441414960121', 'gibbonsruth@example.org', '62 Robinson shoals, Daviesfurt, CW1W 0QA');
INSERT INTO Clients (Client_ID, First_Name, Last_Name, Client_Category, Relationship, Contact, Emergency_Contact, Email, Address) VALUES (7939, 'Gillian', 'Banks', 'Member', Null, '+448081570159', '+441414960049', 'ricky14@example.net', '312 King estate, North Allanside, W5 3HR');
INSERT INTO Clients (Client_ID, First_Name, Last_Name, Client_Category, Relationship, Contact, Emergency_Contact, Email, Address) VALUES (3483, 'Shane', 'Goodwin', 'Guest', 'Child', '+447800987654', '+447999123456', 'uthomas@example.com', 'Studio 4, Myers place, Williammouth, S5F 7ZN');
INSERT INTO Clients (Client_ID, First_Name, Last_Name, Client_Category, Relationship, Contact, Emergency_Contact, Email, Address) VALUES (1987, 'Amber', 'Cook', 'Member', Null, '+441214960218', '+447599654321', 'andrea85@example.com', 'Studio 44o, Jones ranch, New Shane, M92 8TN');
INSERT INTO Clients (Client_ID, First_Name, Last_Name, Client_Category, Relationship, Contact, Emergency_Contact, Email, Address) VALUES (8368, 'Dorothy', 'Edwards', 'Guest', 'Parent', '+441144960429', '+441314960847', 'graemebrown@example.org', '8 Fox place, North Pamelafort, GU57 3XE');
INSERT INTO Clients (Client_ID, First_Name, Last_Name, Client_Category, Relationship, Contact, Emergency_Contact, Email, Address) VALUES (7484, 'Andrew', 'Wilkinson', 'Guest', Null, '+447707890123', '+447500112233', 'carrolldale@example.net', '463 Summers vista, Fryside, S81 1ZB');
INSERT INTO Clients (Client_ID, First_Name, Last_Name, Client_Category, Relationship, Contact, Emergency_Contact, Email, Address) VALUES (8346, 'Arthur', 'Roberts', 'Guest', 'Child', '+447851223344', '+447450334455', 'victoria95@example.org', '058 Sean valley, East Kieran, ST4 2TW');
INSERT INTO Clients (Client_ID, First_Name, Last_Name, Client_Category, Relationship, Contact, Emergency_Contact, Email, Address) VALUES (2512, 'Beverley', 'Warner', 'Member', Null, '+447400445566', '+447789556677', 'andreataylor@example.net', '7 Jordan squares, New Debra, E5H 8FZ');
INSERT INTO Clients (Client_ID, First_Name, Last_Name, Client_Category, Relationship, Contact, Emergency_Contact, Email, Address) VALUES (8781, 'Grace', 'Roberts', 'Member', Null, '+447123667788', '+447801778899', 'ismith@example.org', '163 Jacob orchard, East Ruth, TQ1A 7ZP');
INSERT INTO Clients (Client_ID, First_Name, Last_Name, Client_Category, Relationship, Contact, Emergency_Contact, Email, Address) VALUES (8924, 'Marilyn', 'Watson', 'Guest', 'Child', '+447654889900', '+447403990011', 'janice51@example.com', '95 Scott motorway, Blackburnville, L47 1LH');
INSERT INTO Clients (Client_ID, First_Name, Last_Name, Client_Category, Relationship, Contact, Emergency_Contact, Email, Address) VALUES (2860, 'Tina', 'Owens', 'Member', Null, '+441514960585', '+447598001122', 'stacey61@example.org', 'Flat 15, Brown mountains, Port Katemouth, B6C 7FH');
INSERT INTO Clients (Client_ID, First_Name, Last_Name, Client_Category, Relationship, Contact, Emergency_Contact, Email, Address) VALUES (5093, 'Lindsey', 'Ellis', 'Member', Null, '+44890180260', '(+448081570798', 'wrightcaroline@example.com', '0 Bishop parks, West Ellieside, NW7X 6SN');
INSERT INTO Clients (Client_ID, First_Name, Last_Name, Client_Category, Relationship, Contact, Emergency_Contact, Email, Address) VALUES (1489, 'Geoffrey', 'Morley', 'Guest', 'Sibling', '+441144960483', '+441144960518', 'terry28@example.org', 'Studio 24r, Leslie points, East Benjaminmouth, B2C 3HL');
INSERT INTO Clients (Client_ID, First_Name, Last_Name, Client_Category, Relationship, Contact, Emergency_Contact, Email, Address) VALUES (7548, 'Carly', 'Horton', 'Member', Null, '+442079460997', '+441154960754', 'gracesmith@example.com', 'Flat 38Z, Brett crossroad, Williamstown, N2K 9SJ');
INSERT INTO Clients (Client_ID, First_Name, Last_Name, Client_Category, Relationship, Contact, Emergency_Contact, Email, Address) VALUES (6932, 'Josh', 'White', 'Guest', 'Friend', '+44289018345', '+441914960023', 'kirkscott@example.org', '06 Paula street, North Gracetown, BR8X 8BX');
INSERT INTO Clients (Client_ID, First_Name, Last_Name, Client_Category, Relationship, Contact, Emergency_Contact, Email, Address) VALUES (7175, 'Marc', 'Smith', 'Member', Null, '+441914960908', '+441174960656', 'damienlowe@example.com', '8 Nigel village, West Staceyview, W96 4SU');
INSERT INTO Clients (Client_ID, First_Name, Last_Name, Client_Category, Relationship, Contact, Emergency_Contact, Email, Address) VALUES (1925, 'Deborah', 'Bartlett', 'Guest', Null, '+442074960789', '+441414960508', 'xedwards@example.org', 'Flat 6, Molly islands, Reidborough, L3 7QY');


-- STAFF

INSERT INTO Staff (Staff_ID, First_Name, Last_Name, Staff_Role, Specialization, Contact, Emergency_Contact, Salary) VALUES (4465, 'Jamie', 'Williams', 'Instructor', 'Strength', '+44289018764', '+442074960752', 48778.00);
INSERT INTO Staff (Staff_ID, First_Name, Last_Name, Staff_Role, Specialization, Contact, Emergency_Contact, Salary) VALUES (9666, 'Elaine', 'Quinn', 'Instructor', 'Flexibility', '+448081570933', '+4420749 0791', 28765.00);
INSERT INTO Staff (Staff_ID, First_Name, Last_Name, Staff_Role, Specialization, Contact, Emergency_Contact, Salary) VALUES (2336, 'Jeremy', 'Smith', 'Instructor', 'Strength', '+441314960378', '+441632960987', 31755.00);
INSERT INTO Staff (Staff_ID, First_Name, Last_Name, Staff_Role, Specialization, Contact, Emergency_Contact, Salary) VALUES (4809, 'Sharon', 'Jarvis', 'Trainer', 'Flexibility', '+441134960906', '+441174960681', 49190.00);
INSERT INTO Staff (Staff_ID, First_Name, Last_Name, Staff_Role, Specialization, Contact, Emergency_Contact, Salary) VALUES (6369, 'Owen', 'Reynolds', 'Instructor', 'Strength', '+441184960716', '+442074960855', 35325.00);
INSERT INTO Staff (Staff_ID, First_Name, Last_Name, Staff_Role, Specialization, Contact, Emergency_Contact, Salary) VALUES (2235, 'Douglas', 'Potter', 'Trainer', 'Flexibility', '+449098790751', '+441414960712', 28310.00);
INSERT INTO Staff (Staff_ID, First_Name, Last_Name, Staff_Role, Specialization, Contact, Emergency_Contact, Salary) VALUES (5884, 'Brett', 'Jones', 'Trainer', 'Cardio', '+443069990830', '+441184960802', 45890.00);
INSERT INTO Staff (Staff_ID, First_Name, Last_Name, Staff_Role, Specialization, Contact, Emergency_Contact, Salary) VALUES (2688, 'Lydia', 'Pearson', 'Trainer', 'Cardio', '+441414960930', '+441164960374', 43220.00);
INSERT INTO Staff (Staff_ID, First_Name, Last_Name, Staff_Role, Specialization, Contact, Emergency_Contact, Salary) VALUES (2566, 'Adrian', 'Powell', 'Trainer', 'Strength', '+441154960112', '+442074960110', 20035.00);
INSERT INTO Staff (Staff_ID, First_Name, Last_Name, Staff_Role, Specialization, Contact, Emergency_Contact, Salary) VALUES (2878, 'Katie', 'Brown', 'Trainer', 'Flexibility', '+448081570037', '+441134960239', 35195.00);

-- FACILITIES

INSERT INTO Facilities (Facility_ID, Facility_Name, Facility_Location) VALUES (4831, 'Facility 1', 'East Building');
INSERT INTO Facilities (Facility_ID, Facility_Name, Facility_Location) VALUES (6771, 'Facility 2', 'West Building');
INSERT INTO Facilities (Facility_ID, Facility_Name, Facility_Location) VALUES (7885, 'Facility 3', 'Lake side Building');
INSERT INTO Facilities (Facility_ID, Facility_Name, Facility_Location) VALUES (6094, 'Facility 4', 'North Building');
INSERT INTO Facilities (Facility_ID, Facility_Name, Facility_Location) VALUES (6428, 'Facility 5', 'South Building');

-- FITNESS CLASSES

INSERT INTO Fitness_Classes (Class_ID, Class_Name, Class_Type, Schedule, Instructor_ID, Available_Slots) VALUES (8323, 'HIIT', 'Aerobic Fitness', to_timestamp('2024-11-20 16:55:28.290814', 'YYYY-MM-DD HH24:MI:SS:FF'), 2568, 12);
INSERT INTO Fitness_Classes (Class_ID, Class_Name, Class_Type, Schedule, Instructor_ID, Available_Slots) VALUES (1308, 'Outdoor', 'Core Exercises', to_timestamp('2024-11-15 04:26:20.828879', 'YYYY-MM-DD HH24:MI:SS:FF'), 4554, 11);
INSERT INTO Fitness_Classes (Class_ID, Class_Name, Class_Type, Schedule, Instructor_ID, Available_Slots) VALUES (6933, 'AMRAP', 'Balance Training', to_timestamp('2024-11-17 18:43:02.687510', 'YYYY-MM-DD HH24:MI:SS:FF'), 4554, 30);
INSERT INTO Fitness_Classes (Class_ID, Class_Name, Class_Type, Schedule, Instructor_ID, Available_Slots) VALUES (2134, 'Outdoor', 'Flexibility and Stretching', to_timestamp('2024-11-01 02:11:39.171266', 'YYYY-MM-DD HH24:MI:SS:FF'), 2568, 10);
INSERT INTO Fitness_Classes (Class_ID, Class_Name, Class_Type, Schedule, Instructor_ID, Available_Slots) VALUES (5107, 'HIIT', 'Flexibility and Stretching', to_timestamp('2024-11-25 11:24:47.551170', 'YYYY-MM-DD HH24:MI:SS:FF'), 3400, 22);
INSERT INTO Fitness_Classes (Class_ID, Class_Name, Class_Type, Schedule, Instructor_ID, Available_Slots) VALUES (6747, 'Bodyweight', 'Flexibility and Stretching', to_timestamp('2024-11-15 04:05:44.544806', 'YYYY-MM-DD HH24:MI:SS:FF'), 5118, 10);
INSERT INTO Fitness_Classes (Class_ID, Class_Name, Class_Type, Schedule, Instructor_ID, Available_Slots) VALUES (5767, 'Bodyweight', 'Core Exercises', to_timestamp('2024-11-05 03:32:51.824732', 'YYYY-MM-DD HH24:MI:SS:FF'), 2568, 14);
INSERT INTO Fitness_Classes (Class_ID, Class_Name, Class_Type, Schedule, Instructor_ID, Available_Slots) VALUES (4778, 'Outdoor', 'Aerobic Fitness', to_timestamp('2024-11-17 19:58:01.738331', 'YYYY-MM-DD HH24:MI:SS:FF'), 3400, 22);
INSERT INTO Fitness_Classes (Class_ID, Class_Name, Class_Type, Schedule, Instructor_ID, Available_Slots) VALUES (8941, 'TRX', 'Aerobic Fitness', to_timestamp('2024-11-10 09:47:19.652765', 'YYYY-MM-DD HH24:MI:SS:FF'), 4706, 21);
INSERT INTO Fitness_Classes (Class_ID, Class_Name, Class_Type, Schedule, Instructor_ID, Available_Slots) VALUES (3109, 'AMRAP', 'Strength Training', to_timestamp('2024-11-22 05:42:07.748604', 'YYYY-MM-DD HH24:MI:SS:FF'), 4706, 11);


-- MEMBERSHIP

INSERT INTO Membership (Membership_ID, Client_ID, Plan_Type, Start_Date, End_Date, Status, Price) VALUES (2706, 4338, 'Platinum', to_date('2024-05-10', 'YYYY-MM-DD'), to_date('2025-05-10', 'YYYY-MM-DD'), 'Active', 342.78);
INSERT INTO Membership (Membership_ID, Client_ID, Plan_Type, Start_Date, End_Date, Status, Price) VALUES (9291, 6685, 'Gold', to_date('2024-05-19', 'YYYY-MM-DD'), to_date('2024-11-19', 'YYYY-MM-DD'), 'Active', 363.65);
INSERT INTO Membership (Membership_ID, Client_ID, Plan_Type, Start_Date, End_Date, Status, Price) VALUES (7150, 7535, 'Gold', to_date('2024-10-13', 'YYYY-MM-DD'), to_date('2025-04-13', 'YYYY-MM-DD'), 'Active', 450.11);
INSERT INTO Membership (Membership_ID, Client_ID, Plan_Type, Start_Date, End_Date, Status, Price) VALUES (9527, 6617, 'Silver', to_date('2024-05-10', 'YYYY-MM-DD'), to_date('2025-07-08', 'YYYY-MM-DD'), 'Active', 434.75);
INSERT INTO Membership (Membership_ID, Client_ID, Plan_Type, Start_Date, End_Date, Status, Price) VALUES (9045, 8108, 'Silver', to_date('2024-01-12', 'YYYY-MM-DD'), to_date('2024-3-18', 'YYYY-MM-DD'), 'Active', 252.37);
INSERT INTO Membership (Membership_ID, Client_ID, Plan_Type, Start_Date, End_Date, Status, Price) VALUES (8493, 4338, 'Platinum', to_date('2024-05-03', 'YYYY-MM-DD'), to_date('2024-5-20', 'YYYY-MM-DD'), 'Active', 230.82);
INSERT INTO Membership (Membership_ID, Client_ID, Plan_Type, Start_Date, End_Date, Status, Price) VALUES (8683, 7575, 'Platinum', to_date('2024-09-01', 'YYYY-MM-DD'), to_date('2025-09-10', 'YYYY-MM-DD'), 'Active', 342.13);
INSERT INTO Membership (Membership_ID, Client_ID, Plan_Type, Start_Date, End_Date, Status, Price) VALUES (6479, 6685, 'Gold', to_date('2024-10-19', 'YYYY-MM-DD'), to_date('2025-04-20', 'YYYY-MM-DD'), 'Active', 79.48);
INSERT INTO Membership (Membership_ID, Client_ID, Plan_Type, Start_Date, End_Date, Status, Price) VALUES (4726, 9019, 'Gold', to_date('2024-02-24', 'YYYY-MM-DD'), to_date('2024-08-15', 'YYYY-MM-DD'), 'Inactive', 248.44);
INSERT INTO Membership (Membership_ID, Client_ID, Plan_Type, Start_Date, End_Date, Status, Price) VALUES (7824, 8284, 'Platinum', to_date('2024-08-08', 'YYYY-MM-DD'), to_date('2025-08-26', 'YYYY-MM-DD'), 'Active', 53.13);
INSERT INTO Membership (Membership_ID, Client_ID, Plan_Type, Start_Date, End_Date, Status, Price) VALUES (1972, 9626, 'Gold', to_date('2024-01-16', 'YYYY-MM-DD'), to_date('2024-06-08', 'YYYY-MM-DD'), 'Inactive', 490.04);
INSERT INTO Membership (Membership_ID, Client_ID, Plan_Type, Start_Date, End_Date, Status, Price) VALUES (8332, 3465, 'Gold', to_date('2024-03-17', 'YYYY-MM-DD'), to_date('2024-09-17', 'YYYY-MM-DD'), 'Inactive', 62.47);
INSERT INTO Membership (Membership_ID, Client_ID, Plan_Type, Start_Date, End_Date, Status, Price) VALUES (7168, 8888, 'Silver', to_date('2024-04-22', 'YYYY-MM-DD'), to_date('2024-7-17', 'YYYY-MM-DD'), 'Inactive', 491.67);
INSERT INTO Membership (Membership_ID, Client_ID, Plan_Type, Start_Date, End_Date, Status, Price) VALUES (7993, 9019, 'Platinum', to_date('2024-08-01', 'YYYY-MM-DD'), to_date('2025-08-21', 'YYYY-MM-DD'), 'Active', 355.72);
INSERT INTO Membership (Membership_ID, Client_ID, Plan_Type, Start_Date, End_Date, Status, Price) VALUES (3965, 5383, 'Gold', to_date('2024-04-02', 'YYYY-MM-DD'), to_date('2025-10-25', 'YYYY-MM-DD'), 'Active', 254.81);

-- DISCOUNTS

INSERT INTO Discounts (Discount_ID, Discount_Type, Discount_Code, Usage_Count, Revenue_Loss) VALUES (8232, 'Referral', 'REFERME20', 0, 0.0);
INSERT INTO Discounts (Discount_ID, Discount_Type, Discount_Code, Usage_Count, Revenue_Loss) VALUES (4896, 'Promotion', 'NEWYEAR2025', 0, 0.0);
INSERT INTO Discounts (Discount_ID, Discount_Type, Discount_Code, Usage_Count, Revenue_Loss) VALUES (7207, 'Promotion', 'CHRISTMAS2024', 0, 0.0);
INSERT INTO Discounts (Discount_ID, Discount_Type, Discount_Code, Usage_Count, Revenue_Loss) VALUES (2995, 'Promotion', 'DIWALI2025', 0, 0.0);

-- PERSONAL_TRAINING_SESSIONS

INSERT INTO Personal_Training_Sessions (Training_ID, Client_ID, Trainer_ID, Session_Schedule, Workout_Details) 
VALUES (1281, 9153, 7857, TO_TIMESTAMP('2024-11-11 14:51:03.883603', 'YYYY-MM-DD HH24:MI:SS:FF'), 
'This session focuses on strength building through compound lifts like squats, deadlifts, and bench press.');

INSERT INTO Personal_Training_Sessions (Training_ID, Client_ID, Trainer_ID, Session_Schedule, Workout_Details) 
VALUES (2882, 4811, 3729, TO_TIMESTAMP('2024-11-02 06:16:37.431314', 'YYYY-MM-DD HH24:MI:SS:FF'), 
'Cardio endurance training with a mix of HIIT and steady-state running for improved stamina.');

INSERT INTO Personal_Training_Sessions (Training_ID, Client_ID, Trainer_ID, Session_Schedule, Workout_Details) 
VALUES (3275, 3167, 4841, TO_TIMESTAMP('2024-11-02 07:57:03.590898', 'YYYY-MM-DD HH24:MI:SS:FF'), 
'A functional training session emphasizing mobility, balance, and core strengthening exercises.');

INSERT INTO Personal_Training_Sessions (Training_ID, Client_ID, Trainer_ID, Session_Schedule, Workout_Details) 
VALUES (8759, 9081, 7363, TO_TIMESTAMP('2024-11-15 01:38:39.756307', 'YYYY-MM-DD HH24:MI:SS:FF'), 
'Full-body resistance training to develop muscle tone and endurance, including lunges, rows, and push-ups.');

INSERT INTO Personal_Training_Sessions (Training_ID, Client_ID, Trainer_ID, Session_Schedule, Workout_Details) 
VALUES (7203, 9573, 7926, TO_TIMESTAMP('2024-11-03 06:52:34.408842', 'YYYY-MM-DD HH24:MI:SS:FF'), 
'Progressive strength training with an emphasis on increasing weight for compound exercises.');

INSERT INTO Personal_Training_Sessions (Training_ID, Client_ID, Trainer_ID, Session_Schedule, Workout_Details) 
VALUES (6316, 4962, 7926, TO_TIMESTAMP('2024-11-19 22:50:02.062975', 'YYYY-MM-DD HH24:MI:SS:FF'), 
'Recovery-focused session using stretching, foam rolling, and light resistance to alleviate soreness.');

INSERT INTO Personal_Training_Sessions (Training_ID, Client_ID, Trainer_ID, Session_Schedule, Workout_Details) 
VALUES (4652, 2731, 3729, TO_TIMESTAMP('2024-11-24 17:58:40.590574', 'YYYY-MM-DD HH24:MI:SS:FF'), 
'Athletic performance training to enhance speed and agility using drills and plyometric exercises.');

INSERT INTO Personal_Training_Sessions (Training_ID, Client_ID, Trainer_ID, Session_Schedule, Workout_Details) 
VALUES (6542, 1528, 3729, TO_TIMESTAMP('2024-11-12 00:50:31.533478', 'YYYY-MM-DD HH24:MI:SS:FF'), 
'Core-focused session featuring planks, Russian twists, and leg raises to strengthen abdominal muscles.');

INSERT INTO Personal_Training_Sessions (Training_ID, Client_ID, Trainer_ID, Session_Schedule, Workout_Details) 
VALUES (5845, 2071, 7857, TO_TIMESTAMP('2024-11-12 18:25:18.753276', 'YYYY-MM-DD HH24:MI:SS:FF'), 
'Upper body workout with dumbbell presses, pull-ups, and bicep curls to build strength and definition.');

INSERT INTO Personal_Training_Sessions (Training_ID, Client_ID, Trainer_ID, Session_Schedule, Workout_Details) 
VALUES (1352, 2697, 1987, TO_TIMESTAMP('2024-11-10 22:48:38.755188', 'YYYY-MM-DD HH24:MI:SS:FF'), 
'Weight loss session incorporating cardio, circuit training, and dietary advice for fat loss.');

-- HEALTH ASSESSMENTS

-- HEALTH ASSESSMENTS

INSERT INTO Health_Assessments (Assessment_ID, Client_ID, Trainer_ID, Assessment_Time, Weight, BMI, Body_Fat_Percentage) VALUES (9773, 6128, 8878, to_timestamp('2024-02-20 13:10:56.384739', 'YYYY-MM-DD HH24:MI:SS:FF'), 82.41, 29.16, 36.9);
INSERT INTO Health_Assessments (Assessment_ID, Client_ID, Trainer_ID, Assessment_Time, Weight, BMI, Body_Fat_Percentage) VALUES (8715, 1983, 5308, to_timestamp('2024-03-06 12:54:28.064248', 'YYYY-MM-DD HH24:MI:SS:FF'), 77.06, 22.54, 27.0);
INSERT INTO Health_Assessments (Assessment_ID, Client_ID, Trainer_ID, Assessment_Time, Weight, BMI, Body_Fat_Percentage) VALUES (7028, 8967, 5308, to_timestamp('2024-04-17 12:49:50.370394', 'YYYY-MM-DD HH24:MI:SS:FF'), 72.27, 19.14, 25.7);
INSERT INTO Health_Assessments (Assessment_ID, Client_ID, Trainer_ID, Assessment_Time, Weight, BMI, Body_Fat_Percentage) VALUES (7383, 9511, 6195, to_timestamp('2024-01-25 10:53:39.043383', 'YYYY-MM-DD HH24:MI:SS:FF'), 70.51, 24.05, 11.68);
INSERT INTO Health_Assessments (Assessment_ID, Client_ID, Trainer_ID, Assessment_Time, Weight, BMI, Body_Fat_Percentage) VALUES (1600, 8967, 8878, to_timestamp('2024-11-01 20:42:08.104667', 'YYYY-MM-DD HH24:MI:SS:FF'), 76.41, 22.12, 19.24);
INSERT INTO Health_Assessments (Assessment_ID, Client_ID, Trainer_ID, Assessment_Time, Weight, BMI, Body_Fat_Percentage) VALUES (5053, 1431, 9059, to_timestamp('2024-09-06 18:44:41.331434', 'YYYY-MM-DD HH24:MI:SS:FF'), 56.63, 21.1, 28.26);
INSERT INTO Health_Assessments (Assessment_ID, Client_ID, Trainer_ID, Assessment_Time, Weight, BMI, Body_Fat_Percentage) VALUES (5274, 9726, 8912, to_timestamp('2024-11-04 08:47:27.612969', 'YYYY-MM-DD HH24:MI:SS:FF'), 89.99, 26.25, 26.62);
INSERT INTO Health_Assessments (Assessment_ID, Client_ID, Trainer_ID, Assessment_Time, Weight, BMI, Body_Fat_Percentage) VALUES (3535, 5488, 5506, to_timestamp('2024-04-01 09:12:11.560210', 'YYYY-MM-DD HH24:MI:SS:FF'), 66.04, 27.04, 13.73);
INSERT INTO Health_Assessments (Assessment_ID, Client_ID, Trainer_ID, Assessment_Time, Weight, BMI, Body_Fat_Percentage) VALUES (7647, 7042, 2531, to_timestamp('2024-01-22 17:52:34.653641', 'YYYY-MM-DD HH24:MI:SS:FF'), 65.83, 24.53, 18.26);
INSERT INTO Health_Assessments (Assessment_ID, Client_ID, Trainer_ID, Assessment_Time, Weight, BMI, Body_Fat_Percentage) VALUES (4771, 8967, 6195, to_timestamp('2024-08-15 15:31:37.468016', 'YYYY-MM-DD HH24:MI:SS:FF'), 54.94, 26.67, 37.5);

-- GYM ATTENDANCE

INSERT INTO Gym_Attendance (Attendance_ID, Client_ID, Check_in, Check_out, Facility_ID) VALUES (7556, 6019, to_timestamp('2024-11-17 10:58:06.256762', 'YYYY-MM-DD HH24:MI:SS:FF'), to_timestamp('2024-11-17 21:54:57.804243', 'YYYY-MM-DD HH24:MI:SS:FF'), 3317);
INSERT INTO Gym_Attendance (Attendance_ID, Client_ID, Check_in, Check_out, Facility_ID) VALUES (2555, 6079, to_timestamp('2024-11-12 16:27:56.106181', 'YYYY-MM-DD HH24:MI:SS:FF'), to_timestamp('2024-11-15 20:32:42.535105', 'YYYY-MM-DD HH24:MI:SS:FF'), 8196);
INSERT INTO Gym_Attendance (Attendance_ID, Client_ID, Check_in, Check_out, Facility_ID) VALUES (1109, 4281, to_timestamp('2024-11-02 00:27:09.510413', 'YYYY-MM-DD HH24:MI:SS:FF'), to_timestamp('2024-11-02 16:22:50.755512', 'YYYY-MM-DD HH24:MI:SS:FF'), 9790);
INSERT INTO Gym_Attendance (Attendance_ID, Client_ID, Check_in, Check_out, Facility_ID) VALUES (2961, 6019, to_timestamp('2024-11-02 05:55:08.228431', 'YYYY-MM-DD HH24:MI:SS:FF'), to_timestamp('2024-11-02 07:05:39.993567', 'YYYY-MM-DD HH24:MI:SS:FF'), 4770);
INSERT INTO Gym_Attendance (Attendance_ID, Client_ID, Check_in, Check_out, Facility_ID) VALUES (8724, 6108, to_timestamp('2024-11-05 06:20:39.220176', 'YYYY-MM-DD HH24:MI:SS:FF'), to_timestamp('2024-11-05 09:06:28.339086', 'YYYY-MM-DD HH24:MI:SS:FF'), 3317);
INSERT INTO Gym_Attendance (Attendance_ID, Client_ID, Check_in, Check_out, Facility_ID) VALUES (8517, 5210, to_timestamp('2024-11-19 07:33:16.296696', 'YYYY-MM-DD HH24:MI:SS:FF'), to_timestamp('2024-11-19 11:55:13.619340', 'YYYY-MM-DD HH24:MI:SS:FF'), 9790);
INSERT INTO Gym_Attendance (Attendance_ID, Client_ID, Check_in, Check_out, Facility_ID) VALUES (1817, 6154, to_timestamp('2024-11-21 11:31:43.807801', 'YYYY-MM-DD HH24:MI:SS:FF'), to_timestamp('2024-11-21 14:52:44.837924', 'YYYY-MM-DD HH24:MI:SS:FF'), 8196);
INSERT INTO Gym_Attendance (Attendance_ID, Client_ID, Check_in, Check_out, Facility_ID) VALUES (3402, 4281, to_timestamp('2024-11-17 18:03:49.815275', 'YYYY-MM-DD HH24:MI:SS:FF'), to_timestamp('2024-11-17 21:14:43.707832', 'YYYY-MM-DD HH24:MI:SS:FF'), 9790);
INSERT INTO Gym_Attendance (Attendance_ID, Client_ID, Check_in, Check_out, Facility_ID) VALUES (9870, 6108, to_timestamp('2024-11-22 18:00:21.729636', 'YYYY-MM-DD HH24:MI:SS:FF'), to_timestamp('2024-11-22 20:39:47.778137', 'YYYY-MM-DD HH24:MI:SS:FF'), 3468);
INSERT INTO Gym_Attendance (Attendance_ID, Client_ID, Check_in, Check_out, Facility_ID) VALUES (1682, 5294, to_timestamp('2024-11-09 19:37:26.840638', 'YYYY-MM-DD HH24:MI:SS:FF'), to_timestamp('2024-11-09 21:35:55.654264', 'YYYY-MM-DD HH24:MI:SS:FF'), 4770);

-- EQUIPMENT RENTALS

INSERT INTO Equipment_Rentals (Rental_ID, Facility_ID, Equipment_SNo, Equipment_Model, Client_ID, Rental_Date, Return_Date, Maintenance_Schedule) VALUES (3277, 4685, 333, 'Barbells', 3204, to_date('2024-03-07', 'YYYY-MM-DD'), to_date('2024-08-19', 'YYYY-MM-DD'), to_date('2024-03-21', 'YYYY-MM-DD'));
INSERT INTO Equipment_Rentals (Rental_ID, Facility_ID, Equipment_SNo, Equipment_Model, Client_ID, Rental_Date, Return_Date, Maintenance_Schedule) VALUES (6048, 2417, 359, 'Treadmill', 2019, to_date('2024-08-23', 'YYYY-MM-DD'), to_date('2024-05-12', 'YYYY-MM-DD'), to_date('2024-11-07', 'YYYY-MM-DD'));
INSERT INTO Equipment_Rentals (Rental_ID, Facility_ID, Equipment_SNo, Equipment_Model, Client_ID, Rental_Date, Return_Date, Maintenance_Schedule) VALUES (4167, 4685, 120, 'Treadmill', 9215, to_date('2024-10-15', 'YYYY-MM-DD'), to_date('2024-08-27', 'YYYY-MM-DD'), to_date('2024-02-13', 'YYYY-MM-DD'));
INSERT INTO Equipment_Rentals (Rental_ID, Facility_ID, Equipment_SNo, Equipment_Model, Client_ID, Rental_Date, Return_Date, Maintenance_Schedule) VALUES (7490, 1920, 937, 'Dumbbells', 9244, to_date('2024-07-05', 'YYYY-MM-DD'), to_date('2024-03-30', 'YYYY-MM-DD'), to_date('2024-04-10', 'YYYY-MM-DD'));
INSERT INTO Equipment_Rentals (Rental_ID, Facility_ID, Equipment_SNo, Equipment_Model, Client_ID, Rental_Date, Return_Date, Maintenance_Schedule) VALUES (4038, 4941, 431, 'Exercise Bike', 2019, to_date('2024-07-27', 'YYYY-MM-DD'), to_date('2024-11-07', 'YYYY-MM-DD'), to_date('2024-09-09', 'YYYY-MM-DD'));
INSERT INTO Equipment_Rentals (Rental_ID, Facility_ID, Equipment_SNo, Equipment_Model, Client_ID, Rental_Date, Return_Date, Maintenance_Schedule) VALUES (9829, 1920, 211, 'Pull-up Bars', 6573, to_date('2024-08-23', 'YYYY-MM-DD'), to_date('2024-03-12', 'YYYY-MM-DD'), to_date('2024-01-21', 'YYYY-MM-DD'));
INSERT INTO Equipment_Rentals (Rental_ID, Facility_ID, Equipment_SNo, Equipment_Model, Client_ID, Rental_Date, Return_Date, Maintenance_Schedule) VALUES (6027, 1920, 508, 'Medicine Balls', 4792, to_date('2024-03-24', 'YYYY-MM-DD'), to_date('2024-02-22', 'YYYY-MM-DD'), to_date('2024-08-04', 'YYYY-MM-DD'));
INSERT INTO Equipment_Rentals (Rental_ID, Facility_ID, Equipment_SNo, Equipment_Model, Client_ID, Rental_Date, Return_Date, Maintenance_Schedule) VALUES (7858, 4685, 223, 'Medicine Balls', 3204, to_date('2024-11-06', 'YYYY-MM-DD'), to_date('2024-02-12', 'YYYY-MM-DD'), to_date('2024-08-20', 'YYYY-MM-DD'));
INSERT INTO Equipment_Rentals (Rental_ID, Facility_ID, Equipment_SNo, Equipment_Model, Client_ID, Rental_Date, Return_Date, Maintenance_Schedule) VALUES (6751, 4941, 966, 'Barbells', 3325, to_date('2024-02-08', 'YYYY-MM-DD'), to_date('2024-11-08', 'YYYY-MM-DD'), to_date('2024-10-31', 'YYYY-MM-DD'));
INSERT INTO Equipment_Rentals (Rental_ID, Facility_ID, Equipment_SNo, Equipment_Model, Client_ID, Rental_Date, Return_Date, Maintenance_Schedule) VALUES (4976, 1920, 683, 'Exercise Bike', 2019, to_date('2024-01-01', 'YYYY-MM-DD'), to_date('2024-11-07', 'YYYY-MM-DD'), to_date('2024-08-26', 'YYYY-MM-DD'));

-- CLASS BOOKINGS

INSERT INTO Class_Bookings (Booking_ID, Class_ID, Client_ID, Status) VALUES (9038, 7311, 8054, 'Waitlisted');
INSERT INTO Class_Bookings (Booking_ID, Class_ID, Client_ID, Status) VALUES (5067, 9053, 7274, 'Canceled');
INSERT INTO Class_Bookings (Booking_ID, Class_ID, Client_ID, Status) VALUES (7443, 5530, 8707, 'Waitlisted');
INSERT INTO Class_Bookings (Booking_ID, Class_ID, Client_ID, Status) VALUES (8097, 1969, 9665, 'Waitlisted');
INSERT INTO Class_Bookings (Booking_ID, Class_ID, Client_ID, Status) VALUES (9430, 7311, 5677, 'Canceled');
INSERT INTO Class_Bookings (Booking_ID, Class_ID, Client_ID, Status) VALUES (2931, 7907, 8306, 'Canceled');
INSERT INTO Class_Bookings (Booking_ID, Class_ID, Client_ID, Status) VALUES (6819, 7311, 9080, 'Canceled');
INSERT INTO Class_Bookings (Booking_ID, Class_ID, Client_ID, Status) VALUES (4437, 4773, 8306, 'Confirmed');
INSERT INTO Class_Bookings (Booking_ID, Class_ID, Client_ID, Status) VALUES (1591, 4773, 7689, 'Confirmed');
INSERT INTO Class_Bookings (Booking_ID, Class_ID, Client_ID, Status) VALUES (3521, 9846, 9957, 'Canceled');
INSERT INTO Class_Bookings (Booking_ID, Class_ID, Client_ID, Status) VALUES (9160, 7311, 7658, 'Confirmed');
INSERT INTO Class_Bookings (Booking_ID, Class_ID, Client_ID, Status) VALUES (7699, 4773, 7689, 'Waitlisted');
INSERT INTO Class_Bookings (Booking_ID, Class_ID, Client_ID, Status) VALUES (5134, 1216, 5677, 'Confirmed');
INSERT INTO Class_Bookings (Booking_ID, Class_ID, Client_ID, Status) VALUES (3829, 5530, 9080, 'Canceled');
INSERT INTO Class_Bookings (Booking_ID, Class_ID, Client_ID, Status) VALUES (3697, 4773, 8054, 'Canceled');

-- BILLING

INSERT INTO Billing (Billing_ID, Transaction_ID, Client_ID, Amount, Billing_Date_Time, Payment_Method, Payment_Status, Discount_Applied, Discount_Amount, Discount_ID) VALUES (4358, 111292, 6056, 205.49, to_timestamp('2024-10-19 23:26:23.961062', 'YYYY-MM-DD HH24:MI:SS:FF'), 'Direct Debit', 'CONFIRMED', 'N', 0.0, Null);
INSERT INTO Billing (Billing_ID, Transaction_ID, Client_ID, Amount, Billing_Date_Time, Payment_Method, Payment_Status, Discount_Applied, Discount_Amount, Discount_ID) VALUES (7125, 492867, 5422, 273.77, to_timestamp('2024-06-29 00:37:30.634432', 'YYYY-MM-DD HH24:MI:SS:FF'), 'Debit Card', 'CONFIRMED', 'Y', 6.22, 3375);
INSERT INTO Billing (Billing_ID, Transaction_ID, Client_ID, Amount, Billing_Date_Time, Payment_Method, Payment_Status, Discount_Applied, Discount_Amount, Discount_ID) VALUES (8160, Null, 7175, 167.98, to_timestamp('2024-09-13 01:46:13.357377', 'YYYY-MM-DD HH24:MI:SS:FF'), 'Credit Card', 'PENDING', 'N', 0.0, Null);
INSERT INTO Billing (Billing_ID, Transaction_ID, Client_ID, Amount, Billing_Date_Time, Payment_Method, Payment_Status, Discount_Applied, Discount_Amount, Discount_ID) VALUES (7645, Null, 3483, 484.53, to_timestamp('2024-07-15 02:00:23.478838', 'YYYY-MM-DD HH24:MI:SS:FF'), 'Direct Debit', 'PENDING', 'Y', 35.15, 8475);
INSERT INTO Billing (Billing_ID, Transaction_ID, Client_ID, Amount, Billing_Date_Time, Payment_Method, Payment_Status, Discount_Applied, Discount_Amount, Discount_ID) VALUES (3378, 146647, 1987, 13.67, to_timestamp('2024-09-18 01:50:21.298339', 'YYYY-MM-DD HH24:MI:SS:FF'), 'Debit Card', 'CONFIRMED', 'N', 0.0, Null);
INSERT INTO Billing (Billing_ID, Transaction_ID, Client_ID, Amount, Billing_Date_Time, Payment_Method, Payment_Status, Discount_Applied, Discount_Amount, Discount_ID) VALUES (7122, Null, 2512, 157.5, to_timestamp('2024-02-05 16:50:17.728381', 'YYYY-MM-DD HH24:MI:SS:FF'), 'Cash', 'PENDING', 'N', 0.0, Null);
INSERT INTO Billing (Billing_ID, Transaction_ID, Client_ID, Amount, Billing_Date_Time, Payment_Method, Payment_Status, Discount_Applied, Discount_Amount, Discount_ID) VALUES (9165, Null, 8781, 494.28, to_timestamp('2024-08-18 13:06:26.930029', 'YYYY-MM-DD HH24:MI:SS:FF'), 'Cash', 'PENDING', 'Y', 59.66, 6846);
INSERT INTO Billing (Billing_ID, Transaction_ID, Client_ID, Amount, Billing_Date_Time, Payment_Method, Payment_Status, Discount_Applied, Discount_Amount, Discount_ID) VALUES (6859, 344240, 2860, 31.61, to_timestamp('2024-11-25 14:19:58.805352', 'YYYY-MM-DD HH24:MI:SS:FF'), 'Credit Card', 'CONFIRMED', 'Y', 54.16, 8475);
INSERT INTO Billing (Billing_ID, Transaction_ID, Client_ID, Amount, Billing_Date_Time, Payment_Method, Payment_Status, Discount_Applied, Discount_Amount, Discount_ID) VALUES (3100, 686411, 5093, 485.09, to_timestamp('2024-02-26 20:27:23.320992', 'YYYY-MM-DD HH24:MI:SS:FF'), 'Credit Card', 'CONFIRMED', 'N', 0.0, Null);
INSERT INTO Billing (Billing_ID, Transaction_ID, Client_ID, Amount, Billing_Date_Time, Payment_Method, Payment_Status, Discount_Applied, Discount_Amount, Discount_ID) VALUES (9634, Null, 7548, 74.4, to_timestamp('2024-10-17 10:51:24.769523', 'YYYY-MM-DD HH24:MI:SS:FF'), 'Direct Debit', 'PENDING', 'Y', 27.97, 1820);
